insert into PERSON (
        person_id,
        id_number,
        id_type,
        first_name,
        middle_names,
        first_surname,
        second_surname
    )
values (
        1,
        '5665785369',
        'Cédula',
        'Spike',
        null,
        'Levermore',
        'Kelle'
    );
insert into PERSON (
        person_id,
        id_number,
        id_type,
        first_name,
        middle_names,
        first_surname,
        second_surname
    )
values (
        2,
        '9562966321',
        'Cédula',
        'Nadya',
        'Laurens',
        'Ebbers',
        'Akroyd'
    );
insert into PERSON (
        person_id,
        id_number,
        id_type,
        first_name,
        middle_names,
        first_surname,
        second_surname
    )
values (
        3,
        '4737748595',
        'Cédula',
        'Zackariah',
        null,
        'O''Meara',
        'Streather'
    );
insert into PERSON (
        person_id,
        id_number,
        id_type,
        first_name,
        middle_names,
        first_surname,
        second_surname
    )
values (
        4,
        '0373540213',
        'Cédula',
        'Kathye',
        'Dorena',
        'Applegarth',
        'Fishbourn'
    );
insert into PERSON (
        person_id,
        id_number,
        id_type,
        first_name,
        middle_names,
        first_surname,
        second_surname
    )
values (
        5,
        '1470353032',
        'Cédula',
        'Verena',
        null,
        'Maurice',
        'Labarre'
    );
insert into PERSON (
        person_id,
        id_number,
        id_type,
        first_name,
        middle_names,
        first_surname,
        second_surname
    )
values (
        6,
        '3495516018',
        'Cédula',
        'Iago',
        null,
        'Rablen',
        'Ilyinykh'
    );
insert into PERSON (
        person_id,
        id_number,
        id_type,
        first_name,
        middle_names,
        first_surname,
        second_surname
    )
values (
        7,
        '9052258988',
        'Cédula',
        'Kerry',
        null,
        'Stolworthy',
        'Drinkwater'
    );
insert into PERSON (
        person_id,
        id_number,
        id_type,
        first_name,
        middle_names,
        first_surname,
        second_surname
    )
values (
        8,
        '5772548638',
        'Cédula',
        'Hermie',
        null,
        'Deners',
        'Bwye'
    );
insert into PERSON (
        person_id,
        id_number,
        id_type,
        first_name,
        middle_names,
        first_surname,
        second_surname
    )
values (
        9,
        '3767360179',
        'Cédula',
        'Mary',
        null,
        'O'' Clovan',
        'Dewsbury'
    );
insert into PERSON (
        person_id,
        id_number,
        id_type,
        first_name,
        middle_names,
        first_surname,
        second_surname
    )
values (
        10,
        '8413150329',
        'Cédula',
        'Hailey',
        null,
        'Pasmore',
        'Quartermaine'
    );
insert into PERSON (
        person_id,
        id_number,
        id_type,
        first_name,
        middle_names,
        first_surname,
        second_surname
    )
values (
        11,
        '2656097282',
        'Cédula',
        'Humfrid',
        null,
        'Theis',
        'Ferrieres'
    );
insert into PERSON (
        person_id,
        id_number,
        id_type,
        first_name,
        middle_names,
        first_surname,
        second_surname
    )
values (
        12,
        '3165692734',
        'Cédula',
        'Sterling',
        'Channa',
        'Killigrew',
        'Aingell'
    );
insert into PERSON (
        person_id,
        id_number,
        id_type,
        first_name,
        middle_names,
        first_surname,
        second_surname
    )
values (
        13,
        '1699974772',
        'Cédula',
        'Aime',
        null,
        'Kernocke',
        'Eddleston'
    );
insert into PERSON (
        person_id,
        id_number,
        id_type,
        first_name,
        middle_names,
        first_surname,
        second_surname
    )
values (
        14,
        '6660213910',
        'Cédula',
        'Emanuele',
        null,
        'Jedraszczyk',
        'Skews'
    );
insert into PERSON (
        person_id,
        id_number,
        id_type,
        first_name,
        middle_names,
        first_surname,
        second_surname
    )
values (
        15,
        '4524240489',
        'Cédula',
        'Christan',
        null,
        'Dono',
        'Risbridge'
    );
insert into PERSON (
        person_id,
        id_number,
        id_type,
        first_name,
        middle_names,
        first_surname,
        second_surname
    )
values (
        16,
        '9685398011',
        'Cédula',
        'Paxon',
        null,
        'McCarthy',
        'Finnis'
    );
insert into PERSON (
        person_id,
        id_number,
        id_type,
        first_name,
        middle_names,
        first_surname,
        second_surname
    )
values (
        17,
        '9757148148',
        'Cédula',
        'Christi',
        null,
        'Fowley',
        'MacDougall'
    );
insert into PERSON (
        person_id,
        id_number,
        id_type,
        first_name,
        middle_names,
        first_surname,
        second_surname
    )
values (
        18,
        '6967765299',
        'Cédula',
        'Ina',
        'Lila',
        'Shallo',
        'Renwick'
    );
insert into PERSON (
        person_id,
        id_number,
        id_type,
        first_name,
        middle_names,
        first_surname,
        second_surname
    )
values (
        19,
        '0946553157',
        'Cédula',
        'Will',
        null,
        'Eltune',
        'Plait'
    );
insert into PERSON (
        person_id,
        id_number,
        id_type,
        first_name,
        middle_names,
        first_surname,
        second_surname
    )
values (
        20,
        '5408277925',
        'Cédula',
        'Trish',
        null,
        'Craigie',
        'Kmieciak'
    );
insert into STUDENT (student_id, person_id)
values (1, 1);
insert into STUDENT (student_id, person_id)
values (2, 2);
insert into STUDENT (student_id, person_id)
values (3, 3);
insert into STUDENT (student_id, person_id)
values (4, 4);
insert into STUDENT (student_id, person_id)
values (5, 5);
insert into STUDENT (student_id, person_id)
values (6, 6);
insert into STUDENT (student_id, person_id)
values (7, 7);
insert into STUDENT (student_id, person_id)
values (8, 8);
insert into STUDENT (student_id, person_id)
values (9, 9);
insert into STUDENT (student_id, person_id)
values (10, 10);
insert into STUDENT (student_id, person_id)
values (11, 11);
insert into STUDENT (student_id, person_id)
values (12, 12);
insert into STUDENT (student_id, person_id)
values (13, 13);
insert into STUDENT (student_id, person_id)
values (14, 14);
insert into STUDENT (student_id, person_id)
values (15, 15);
insert into PROFESSOR (professor_id, person_id, faculty_id)
values (1, 16, 1);
insert into PROFESSOR (professor_id, person_id, faculty_id)
values (2, 17, 1);
insert into PROFESSOR (professor_id, person_id, faculty_id)
values (3, 18, 2);
insert into PROFESSOR (professor_id, person_id, faculty_id)
values (4, 19, 2);
insert into PROFESSOR (professor_id, person_id, faculty_id)
values (5, 20, 2);